Satzart;AGS;KREIS;BEV;CHRIST;RKAT;EVANG;SONST;KEINE;OANGABE;;PRKAT;PEVANG;;RKATEVANG
;;;79.652.370;53.239.990;24.886.180;24.573.050;4.212.120;8.349.740;13.850.520;;;;;
10;1;Gesamt;2.781.010;1.874.910;178.180;1.550.670;93.730;245.850;566.520;;;;;
40;1001;Flensburg, Stadt;81.780;55.940;5.790;46.410;3.550;6.720;15.570;;7,1;56,7;;63,8
40;1002;Kiel, Landes-hauptstadt;234.550;137.550;19.920;102.810;16.600;26.240;54.170;;8,5;43,8;;52,3
40;1003;Lübeck, Hansestadt;208.000;140.170;17.730;111.300;11.460;19.430;36.940;;8,5;53,5;;62,0
40;1004;Neumünster, Stadt;76.280;50.070;5.260;40.450;4.140;7.460;14.610;;6,9;53,0;;59,9
40;1051;Dithmarschen;132.920;102.570;6.200;91.570;2.350;8.860;19.150;;4,7;68,9;;73,6
40;1053;Herzogtum Lauenburg;186.110;122.990;12.470;101.000;5.260;15.950;41.910;;6,7;54,3;;61,0
40;1054;Nordfriesland;163.010;128.580;10.160;113.480;3.450;7.990;22.990;;6,2;69,6;;75,8
40;1055;Ostholstein;196.400;143.730;13.230;121.540;3.250;13.860;35.570;;6,7;61,9;;68,6
40;1056;Pinneberg;295.380;172.200;19.920;132.310;13.430;30.640;79.120;;6,7;44,8;;51,5
40;1057;Plön;127.150;91.620;6.350;79.600;1.980;7.480;26.060;;5,0;62,6;;67,6
40;1058;Rendsburg-Eckernförde;267.890;190.420;14.230;163.010;6.150;20.860;50.460;;5,3;60,8;;66,2
40;1059;Schleswig-Flensburg;194.220;151.740;8.550;135.530;3.630;11.750;27.100;;4,4;69,8;;74,2
40;1060;Segeberg;258.430;158.740;16.110;125.660;8.800;28.130;62.760;;6,2;48,6;;54,9
40;1061;Steinburg;130.000;90.630;5.480;79.530;3.150;12.590;23.620;;4,2;61,2;;65,4
40;1062;Stormarn;228.890;137.950;16.770;106.470;6.530;27.900;56.510;;7,3;46,5;;53,8
10;2;Gesamt;1.693.120;879.390;184.300;574.840;138.400;210.390;464.950;;;;;
40;2000;Hamburg, Freie und Hansestadt;1.693.120;879.390;184.300;574.840;138.400;210.390;464.950;;10,9;34,0;;44,8
10;3;;7.723.680;5.798.590;1.415.280;3.980.940;319.840;510.890;1.094.360;;;;;
20;31;Gesamt;1.565.800;1.138.870;231.240;820.560;72.870;116.540;237.520;;;;;
40;3101;Braunschweig, Stadt;240.350;153.850;33.760;105.560;16.020;20.790;49.690;;14,0;43,9;;58,0
40;3102;Salzgitter, Stadt;98.470;68.210;19.000;43.220;10.500;8.120;11.630;;19,3;43,9;;63,2
40;3103;Wolfsburg, Stadt;119.220;84.440;23.770;51.700;5.470;9.450;19.860;;19,9;43,4;;63,3
40;3151;Gifhorn;169.860;126.390;16.110;96.670;6.230;12.480;24.760;;9,5;56,9;;66,4
40;3152;Göttingen;246.160;185.520;58.810;115.220;10.070;17.860;32.710;;23,9;46,8;;70,7
40;3153;Goslar;139.160;103.590;15.620;80.560;4.640;11.520;19.400;;11,2;57,9;;69,1
40;3154;Helmstedt;90.920;66.680;9.880;52.270;2.300;7.200;14.740;;10,9;57,5;;68,4
40;3155;Northeim;136.790;112.080;16.150;90.350;4.410;5.670;14.620;;11,8;66,1;;77,9
40;3156;Osterode am Harz;76.160;58.850;7.580;48.130;2.970;4.950;9.390;;10,0;63,2;;73,1
40;3157;Peine;129.670;94.420;15.580;73.080;6.740;8.540;19.960;;12,0;56,4;;68,4
40;3158;Wolfenbüttel;119.040;84.820;14.980;63.780;3.520;9.960;20.740;;12,6;53,6;;66,2
20;32;Gesamt;2.079.440;1.473.610;294.640;1.063.180;113.130;151.740;340.950;;;;;
40;3241;Region Hannover;1.094.760;708.260;150.380;485.750;73.600;95.070;217.830;;13,7;44,4;;58,1
40;3251;Diepholz;210.440;161.330;23.900;128.540;5.400;12.970;30.740;;11,4;61,1;;72,4
40;3252;Hameln-Pyrmont;148.510;112.230;18.360;86.920;6.810;9.740;19.730;;12,4;58,5;;70,9
40;3254;Hildesheim;274.830;215.250;67.230;136.010;12.900;14.490;32.190;;24,5;49,5;;74,0
40;3255;Holzminden;73.120;59.060;8.880;46.550;3.580;3.620;6.860;;12,1;63,7;;75,8
40;3256;Nienburg (Weser);121.580;97.140;9.390;83.130;4.120;5.960;14.350;;7,7;68,4;;76,1
40;3257;Schaumburg;156.200;120.340;16.490;96.290;6.730;9.880;19.250;;10,6;61,6;;72,2
20;33;Gesamt;1.656.020;1.199.850;119.730;989.470;50.900;130.620;274.650;;;;;
40;3351;Celle;174.550;132.050;15.870;104.320;5.960;12.080;24.460;;9,1;59,8;;68,9
40;3352;Cuxhaven;198.100;154.660;14.700;130.870;5.090;12.170;26.180;;7,4;66,1;;73,5
40;3353;Harburg;237.910;149.180;17.060;115.100;7.210;26.080;55.440;;7,2;48,4;;55,6
40;3354;Lüchow-Dannenberg;48.720;36.840;2.990;32.330;1.030;2.520;8.340;;6,1;66,4;;72,5
40;3355;Lüneburg;171.820;112.520;13.520;89.450;6.020;15.680;37.590;;7,9;52,1;;59,9
40;3356;Osterholz;110.020;78.950;8.150;65.180;3.540;8.650;18.890;;7,4;59,2;;66,7
40;3357;Rotenburg (Wümme);161.220;127.440;9.440;111.020;3.510;10.140;20.120;;5,9;68,9;;74,7
40;3358;Soltau-Fallingbostel;135.300;104.410;10.290;87.390;3.660;10.220;17.020;;7,6;64,6;;72,2
40;3359;Stade;194.540;136.060;12.720;113.420;6.650;17.110;34.720;;6,5;58,3;;64,8
40;3360;Uelzen;92.730;73.140;6.230;63.300;2.230;5.040;12.320;;6,7;68,3;;75,0
40;3361;Verden;131.090;94.600;8.750;77.090;6.000;10.930;19.550;;6,7;58,8;;65,5
20;34;Gesamt;2.422.420;1.986.260;769.670;1.107.740;82.940;111.980;241.240;;;;;
40;3401;Delmenhorst, Stadt;72.900;47.810;11.600;30.450;5.090;6.950;13.040;;15,9;41,8;;57,7
40;3402;Emden, Stadt;49.360;38.710;4.380;32.650;1.800;3.450;5.400;;8,9;66,1;;75,0
40;3403;Oldenburg (Oldenburg), Stadt;156.120;107.930;27.390;72.470;7.850;10.370;29.970;;17,5;46,4;;64,0
40;3404;Osnabrück, Stadt;152.570;117.920;58.730;52.400;9.710;9.170;15.770;;38,5;34,3;;72,8
40;3405;Wilhelmshaven, Stadt;76.550;50.600;8.960;36.570;3.250;6.860;15.820;;11,7;47,8;;59,5
40;3451;Ammerland;117.470;90.820;11.080;73.540;3.180;7.710;15.760;;9,4;62,6;;72,0
40;3452;Aurich;186.430;158.650;11.620;141.630;4.470;7.530;15.780;;6,2;76,0;;82,2
40;3453;Cloppenburg;158.630;144.270;97.410;36.990;3.820;2.860;7.680;;61,4;23,3;;84,7
40;3454;Emsland;308.680;278.100;213.950;56.990;6.700;7.500;16.380;;69,3;18,5;;87,8
40;3455;Friesland;97.740;74.310;8.930;60.710;2.450;7.520;13.460;;9,1;62,1;;71,3
40;3456;Grafschaft Bentheim;132.740;112.690;36.590;64.670;5.750;5.530;8.760;;27,6;48,7;;76,3
40;3457;Leer;163.490;141.620;17.990;117.360;3.250;5.940;12.670;;11,0;71,8;;82,8
40;3458;Oldenburg;123.990;94.880;15.750;72.520;3.170;7.970;17.960;;12,7;58,5;;71,2
40;3459;Osnabrück;348.180;298.350;145.450;137.230;11.360;12.390;26.080;;41,8;39,4;;81,2
40;3460;Vechta;131.230;117.230;89.260;25.140;5.800;2.320;5.880;;68,0;19,2;;87,2
40;3461;Wesermarsch;89.690;65.410;6.870;54.480;4.200;5.530;14.540;;7,7;60,7;;68,4
40;3462;Wittmund;56.660;46.950;3.690;41.940;1.070;2.360;6.290;;6,5;74,0;;80,5
10;4;Gesamt;646.980;397.520;76.360;281.690;51.080;68.920;129.460;;;;;
40;4011;Bremen, Stadt;539.470;328.350;64.630;229.460;41.740;60.070;109.310;;12,0;42,5;;54,5
40;4012;Bremerhaven, Stadt;107.510;69.170;11.730;52.230;9.340;8.850;20.150;;10,9;48,6;;59,5
10;5;;17.436.040;13.300.420;7.421.570;4.975.930;1.312.560;860.730;1.962.320;;;;;
20;51;Gesamt;5.048.340;3.696.250;2.038.580;1.375.810;426.530;297.260;628.300;;;;;
40;5111;Düsseldorf, Stadt;582.760;385.680;202.730;132.110;57.440;51.890;87.750;;34,8;22,7;;57,5
40;5112;Duisburg, Stadt;486.750;318.280;159.090;136.900;68.570;26.990;72.900;;32,7;28,1;;60,8
40;5113;Essen, Stadt;563.160;416.020;221.310;164.330;52.260;28.790;66.090;;39,3;29,2;;68,5
40;5114;Krefeld, Stadt;221.140;158.050;100.810;45.020;23.670;12.650;26.760;;45,6;20,4;;65,9
40;5116;Mönchengladbach, Stadt;253.720;200.030;136.150;50.190;19.060;11.480;23.150;;53,7;19,8;;73,4
40;5117;Mülheim an der Ruhr, Stadt;166.290;119.420;57.290;53.200;13.600;10.160;23.110;;34,5;32,0;;66,4
40;5119;Oberhausen, Stadt;209.220;153.970;84.840;61.350;20.640;11.670;22.940;;40,6;29,3;;69,9
40;5120;Remscheid, Stadt;109.550;75.000;25.210;43.170;10.010;7.480;17.070;;23,0;39,4;;62,4
40;5122;Solingen, Stadt;154.300;106.320;41.320;55.830;13.080;11.440;23.460;;26,8;36,2;;63,0
40;5124;Wuppertal, Stadt;340.960;225.610;81.660;117.320;35.080;23.450;56.830;;24,0;34,4;;58,4
40;5154;Kleve;297.510;253.950;192.440;53.470;9.550;11.170;22.850;;64,7;18,0;;82,7
40;5158;Mettmann;475.280;354.440;169.860;151.100;30.450;31.220;59.170;;35,7;31,8;;67,5
40;5162;Rhein-Kreis Neuss;435.790;335.190;218.860;94.330;29.410;22.720;48.470;;50,2;21,6;;71,9
40;5166;Viersen;293.960;237.970;166.380;60.290;11.620;14.020;30.340;;56,6;20,5;;77,1
40;5170;Wesel;457.960;356.330;180.640;157.180;32.090;22.130;47.410;;39,4;34,3;;73,8
20;53;Gesamt;4.262.300;3.172.420;2.064.460;883.870;323.940;237.020;528.920;;;;;
40;5314;Bonn, Stadt;304.020;205.840;123.980;64.320;32.830;23.890;41.470;;40,8;21,2;;61,9
40;5315;Köln, Stadt;997.900;647.970;408.690;178.000;109.640;79.700;160.590;;41,0;17,8;;58,8
40;5316;Leverkusen, Stadt;158.590;113.690;63.760;40.450;13.410;11.440;20.060;;40,2;25,5;;65,7
40;5334;Städteregion Aachen;537.110;412.340;313.820;79.430;39.940;25.280;59.550;;58,4;14,8;;73,2
40;5358;Düren;257.640;206.890;161.370;37.040;15.780;7.750;27.220;;62,6;14,4;;77,0
40;5362;Rhein-Erft-Kreis;449.990;342.130;239.220;82.510;30.930;21.870;55.050;;53,2;18,3;;71,5
40;5366;Euskirchen;186.360;158.710;124.260;28.180;6.590;6.520;14.540;;66,7;15,1;;81,8
40;5370;Heinsberg;246.810;207.390;155.750;44.600;12.130;8.240;19.050;;63,1;18,1;;81,2
40;5374;Oberbergischer Kreis;271.270;216.210;85.330;107.950;17.040;10.490;27.530;;31,5;39,8;;71,3
40;5378;Rheinisch-Bergischer Kreis;276.840;209.080;113.290;78.900;15.430;15.500;36.830;;40,9;28,5;;69,4
40;5382;Rhein-Sieg-Kreis;575.770;452.180;275.000;142.500;30.230;26.340;67.020;;47,8;24,7;;72,5
20;55;Gesamt;2.554.820;2.085.870;1.400.170;608.210;156.170;87.640;225.140;;;;;
40;5512;Bottrop, Stadt;116.820;89.110;59.400;25.640;11.410;4.080;12.210;;50,8;21,9;;72,8
40;5513;Gelsenkirchen, Stadt;256.800;176.120;87.720;80.760;35.280;8.160;37.230;;34,2;31,4;;65,6
40;5515;Münster, Stadt;287.060;230.500;153.560;66.610;10.680;12.060;33.820;;53,5;23,2;;76,7
40;5554;Borken;360.360;319.250;263.750;46.850;11.870;8.780;20.460;;73,2;13,0;;86,2
40;5558;Coesfeld;213.540;189.170;145.870;38.180;4.240;6.330;13.810;;68,3;17,9;;86,2
40;5562;Recklinghausen;616.970;477.830;271.820;184.750;51.850;27.160;60.130;;44,1;29,9;;74,0
40;5566;Steinfurt;431.660;374.460;252.370;110.840;16.030;12.500;28.670;;58,5;25,7;;84,1
40;5570;Warendorf;271.610;229.430;165.680;54.580;14.810;8.560;18.810;;61,0;20,1;;81,1
20;57;Gesamt;2.014.890;1.587.750;571.940;870.360;125.510;92.750;208.880;;;;;
40;5711;Bielefeld, Stadt;323.650;221.290;58.990;136.850;35.660;18.180;48.530;;18,2;42,3;;60,5
40;5754;Gütersloh;348.860;278.330;139.790;114.780;21.470;15.230;33.840;;40,1;32,9;;73,0
40;5758;Herford;249.590;194.920;28.720;149.680;16.460;13.440;24.770;;11,5;60,0;;71,5
40;5762;Höxter;144.390;127.250;92.300;30.300;4.980;3.670;8.490;;63,9;21,0;;84,9
40;5766;Lippe;345.860;268.380;46.240;187.740;18.450;17.590;41.430;;13,4;54,3;;67,7
40;5770;Minden-Lübbecke;309.320;245.830;27.540;194.910;16.850;16.000;30.650;;8,9;63,0;;71,9
40;5774;Paderborn;293.210;251.750;178.370;56.110;11.650;8.640;21.170;;60,8;19,1;;80,0
20;59;Gesamt;3.555.690;2.758.130;1.346.410;1.237.690;280.400;146.070;371.090;;;;;
40;5911;Bochum, Stadt;360.470;268.480;124.160;126.060;28.950;17.800;45.240;;34,4;35,0;;69,4
40;5913;Dortmund, Stadt;568.820;395.710;174.350;188.840;62.570;35.670;74.870;;30,7;33,2;;63,8
40;5914;Hagen, Stadt;187.010;138.340;58.630;70.380;18.860;9.690;20.120;;31,4;37,6;;69,0
40;5915;Hamm, Stadt;175.310;135.340;69.560;59.320;18.470;5.290;16.210;;39,7;33,8;;73,5
40;5916;Herne, Stadt;154.590;111.050;54.940;49.700;21.540;5.770;16.220;;35,5;32,1;;67,7
40;5954;Ennepe-Ruhr-Kreis;324.540;243.870;81.020;141.620;19.940;16.020;44.710;;25,0;43,6;;68,6
40;5958;Hochsauerlandkreis;263.990;231.950;184.670;40.400;10.880;6.080;15.080;;70,0;15,3;;85,3
40;5962;Märkischer Kreis;421.390;326.870;137.290;161.780;33.090;14.810;46.630;;32,6;38,4;;71,0
40;5966;Olpe;135.720;119.710;97.700;18.570;7.700;2.200;6.110;;72,0;13,7;;85,7
40;5970;Siegen-Wittgenstein;275.960;230.630;59.450;153.460;14.950;7.870;22.500;;21,5;55,6;;77,2
40;5974;Soest;293.550;251.890;165.850;76.110;10.630;9.650;21.390;;56,5;25,9;;82,4
40;5978;Unna;394.350;304.300;138.800;151.440;32.820;15.210;42.010;;35,2;38,4;;73,6
10;6;;5.946.070;4.311.610;1.522.280;2.431.150;431.500;373.620;829.340;;;;;
20;64;Gesamt;3.726.860;2.506.980;1.024.510;1.226.790;325.670;275.090;619.130;;;;;
40;6411;Darmstadt, Wissenschaftsstadt;142.630;89.720;29.990;49.970;12.950;11.330;28.620;;21,0;35,0;;56,1
40;6412;Frankfurt am Main, Stadt;665.650;375.510;165.780;154.870;89.980;59.630;140.530;;24,9;23,3;;48,2
40;6413;Offenbach am Main, Stadt;113.210;64.010;30.940;21.770;18.640;8.030;22.530;;27,3;19,2;;46,6
40;6414;Wiesbaden, Landeshauptstadt;268.070;171.880;66.920;78.620;25.370;21.500;49.330;;25,0;29,3;;54,3
40;6431;Bergstraße;259.760;200.100;101.040;87.550;15.280;15.920;28.470;;38,9;33,7;;72,6
40;6432;Darmstadt-Dieburg;280.900;206.190;72.670;119.170;16.100;16.730;41.870;;25,9;42,4;;68,3
40;6433;Groß-Gerau;250.540;156.730;57.470;80.900;29.390;19.050;45.370;;22,9;32,3;;55,2
40;6434;Hochtaunuskreis;225.340;159.050;61.970;78.200;13.290;18.520;34.480;;27,5;34,7;;62,2
40;6435;Main-Kinzig-Kreis;399.290;289.170;117.230;151.020;28.710;24.730;56.670;;29,4;37,8;;67,2
40;6436;Main-Taunus-Kreis;223.520;154.130;72.110;65.780;14.660;16.980;37.750;;32,3;29,4;;61,7
40;6437;Odenwaldkreis;96.040;74.220;17.010;52.150;6.480;4.720;10.610;;17,7;54,3;;72,0
40;6438;Offenbach;331.710;216.340;109.940;83.500;30.890;24.670;59.820;;33,1;25,2;;58,3
40;6439;Rheingau-Taunus-Kreis;179.150;131.820;61.040;60.300;8.530;16.000;22.800;;34,1;33,7;;67,7
40;6440;Wetteraukreis;291.050;218.090;60.390;143.000;15.400;17.270;40.280;;20,7;49,1;;69,9
20;65;Gesamt;1.019.860;825.660;222.300;548.240;54.890;42.780;96.520;;;;;
40;6531;Gießen;250.010;194.780;41.660;137.150;14.440;14.050;26.740;;16,7;54,9;;71,5
40;6532;Lahn-Dill-Kreis;252.350;199.770;38.810;142.430;16.790;10.130;25.650;;15,4;56,4;;71,8
40;6533;Limburg-Weilburg;170.190;139.750;78.330;57.180;7.910;4.730;17.800;;46,0;33,6;;79,6
40;6534;Marburg-Biedenkopf;240.010;195.750;46.370;135.990;13.150;10.860;20.250;;19,3;56,7;;76,0
40;6535;Vogelsbergkreis;107.300;95.610;17.120;75.500;2.600;3.010;6.080;;16,0;70,4;;86,3
20;66;Gesamt;1.199.340;978.970;275.480;656.120;50.940;55.750;113.690;;;;;
40;6611;Kassel, documenta-Stadt;189.770;124.250;32.190;80.290;19.170;18.330;28.020;;17,0;42,3;;59,3
40;6631;Fulda;215.150;188.040;140.230;42.020;7.450;5.860;13.800;;65,2;19,5;;84,7
40;6632;Hersfeld-Rotenburg;120.230;101.710;12.390;83.780;4.250;3.620;10.660;;10,3;69,7;;80,0
40;6633;Kassel;234.290;189.620;31.470;148.410;7.120;12.020;25.530;;13,4;63,3;;76,8
40;6634;Schwalm-Eder-Kreis;180.180;155.770;22.240;128.130;5.100;5.830;13.480;;12,3;71,1;;83,5
40;6635;Waldeck-Frankenberg;158.030;133.430;23.370;103.920;5.640;5.590;13.370;;14,8;65,8;;80,5
40;6636;Werra-Meißner-Kreis;101.690;86.150;13.580;69.560;2.220;4.490;8.840;;13,4;68,4;;81,8
10;7;;3.969.400;3.239.410;1.815.050;1.260.910;180.660;176.570;372.760;;;;;
20;71;Gesamt;1.474.480;1.228.850;718.300;449.640;64.630;59.000;122.000;;;;;
40;7111;Koblenz, kreisfreie Stadt;107.040;84.110;55.920;23.040;5.890;7.220;9.820;;52,2;21,5;;73,8
40;7131;Ahrweiler;125.590;104.300;82.370;18.130;5.790;5.490;10.010;;65,6;14,4;;80,0
40;7132;Altenkirchen (Westerwald);130.250;109.800;55.510;47.330;6.080;4.090;10.280;;42,6;36,3;;79,0
40;7133;Bad Kreuznach;154.620;127.380;52.310;69.470;9.150;5.590;12.510;;33,8;44,9;;78,8
40;7134;Birkenfeld;82.260;70.110;18.600;48.100;2.470;3.420;6.260;;22,6;58,5;;81,1
40;7135;Cochem-Zell;63.110;57.030;48.290;7.040;870;2.010;3.190;;76,5;11,2;;87,7
40;7137;Mayen-Koblenz;208.580;176.250;137.470;31.430;7.540;7.720;17.070;;65,9;15,1;;81,0
40;7138;Neuwied;179.690;143.470;81.670;50.380;10.680;8.510;17.030;;45,5;28,0;;73,5
40;7140;Rhein-Hunsrück-Kreis;101.900;89.580;49.550;36.540;2.190;3.230;6.900;;48,6;35,9;;84,5
40;7141;Rhein-Lahn-Kreis;121.770;100.040;35.850;59.630;4.040;5.280;12.400;;29,4;49,0;;78,4
40;7143;Westerwaldkreis;199.660;166.760;100.760;58.560;9.910;6.450;16.540;;50,5;29,3;;79,8
20;72;Gesamt;514.550;456.190;384.840;60.070;12.880;16.210;29.280;;;;;
40;7211;Trier, kreisfreie Stadt;104.830;87.260;67.610;15.460;3.900;5.370;8.300;;64,5;14,7;;79,2
40;7231;Bernkastel-Wittlich;111.160;98.510;78.530;18.060;2.980;3.490;6.180;;70,6;16,2;;86,9
40;7232;Eifelkreis Bitburg-Prüm;95.080;87.950;79.330;6.980;1.460;2.270;3.400;;83,4;7,3;;90,8
40;7233;Vulkaneifel;61.770;55.560;46.830;7.570;1.350;1.110;3.750;;75,8;12,3;;88,1
40;7235;Trier-Saarburg;141.710;126.910;112.530;12.010;3.200;3.960;7.650;;79,4;8,5;;87,9
20;73;Gesamt;1.980.370;1.554.380;711.900;751.200;103.150;101.360;221.480;;;;;
40;7311;Frankenthal (Pfalz), kreisfreie Stadt;46.070;34.320;15.080;15.480;3.140;2.490;6.110;;32,7;33,6;;66,3
40;7312;Kaiserslautern, kreisfreie Stadt;96.040;74.150;28.810;39.830;5.220;6.830;9.840;;30,0;41,5;;71,5
40;7313;Landau in der Pfalz, kreisfreie Stadt;42.790;34.810;17.340;16.320;1.670;2.420;3.900;;40,5;38,1;;78,7
40;7314;Ludwigshafen am Rhein, kreisfreie Stadt;157.200;100.860;47.680;43.960;19.350;10.280;26.700;;30,3;28,0;;58,3
40;7315;Mainz, kreisfreie Stadt;199.820;134.590;75.920;48.410;19.610;13.350;32.260;;38,0;24,2;;62,2
40;7316;Neustadt an der Weinstraße, kreisfreie Stadt;52.030;42.200;18.330;21.690;2.310;2.000;5.530;;35,2;41,7;;76,9
40;7317;Pirmasens, kreisfreie Stadt;40.250;34.140;13.100;19.430;1.510;1.670;2.920;;32,5;48,3;;80,8
40;7318;Speyer, kreisfreie Stadt;49.350;37.300;18.430;15.020;2.390;3.230;6.430;;37,3;30,4;;67,8
40;7319;Worms, kreisfreie Stadt;78.890;61.390;24.720;31.330;5.470;4.690;7.350;;31,3;39,7;;71,0
40;7320;Zweibrücken, kreisfreie Stadt;33.820;28.730;9.640;17.920;1.210;1.150;2.740;;28,5;53,0;;81,5
40;7331;Alzey-Worms;124.540;98.840;31.890;62.160;5.000;5.980;14.720;;25,6;49,9;;75,5
40;7332;Bad Dürkheim;130.450;102.910;39.860;56.860;4.750;6.660;16.130;;30,6;43,6;;74,1
40;7333;Donnersbergkreis;75.480;62.110;16.920;42.200;3.210;2.910;7.240;;22,4;55,9;;78,3
40;7334;Germersheim;123.510;97.760;57.680;36.000;7.720;5.710;12.310;;46,7;29,1;;75,8
40;7335;Kaiserslautern;105.030;91.790;39.840;47.020;2.590;3.490;7.170;;37,9;44,8;;82,7
40;7336;Kusel;72.600;64.350;17.140;45.180;1.300;1.710;5.240;;23,6;62,2;;85,8
40;7337;Südliche Weinstraße;107.580;93.090;50.730;39.150;2.350;4.160;7.990;;47,2;36,4;;83,5
40;7338;Rhein-Pfalz-Kreis;146.500;114.720;58.160;49.140;6.920;7.940;16.910;;39,7;33,5;;73,2
40;7339;Mainz-Bingen;200.250;156.660;80.070;67.540;6.440;12.160;24.990;;40,0;33,7;;73,7
40;7340;Südwestpfalz;98.160;89.640;50.560;36.550;1.000;2.520;4.990;;51,5;37,2;;88,7
10;8;;10.411.000;8.036.030;3.917.500;3.556.160;656.350;470.370;1.248.240;;;;;
20;81;Gesamt;3.888.630;2.906.100;1.110.200;1.536.370;303.790;182.020;496.730;;;;;
40;8111;Stuttgart;581.390;382.150;149.740;175.010;64.650;42.040;92.550;;25,8;30,1;;55,9
40;8115;Böblingen;361.660;259.490;88.980;144.830;33.810;19.710;48.660;;24,6;40,0;;64,6
40;8116;Esslingen;500.360;362.060;119.090;206.990;42.030;28.430;67.850;;23,8;41,4;;65,2
40;8117;Göppingen;246.430;189.190;89.100;88.470;20.090;8.780;28.360;;36,2;35,9;;72,1
40;8118;Ludwigsburg;506.780;367.710;118.450;213.290;41.490;26.610;70.980;;23,4;42,1;;65,5
40;8119;Rems-Murr-Kreis;403.330;300.930;91.480;175.980;26.340;19.160;56.890;;22,7;43,6;;66,3
40;8121;Heilbronn, Stadt;114.900;77.460;26.860;42.040;15.510;4.010;17.910;;23,4;36,6;;60,0
40;8125;Heilbronn;321.680;251.880;85.210;150.490;21.870;10.870;37.050;;26,5;46,8;;73,3
40;8126;Hohenlohekreis;106.650;89.930;30.740;53.050;4.260;2.980;9.480;;28,8;49,7;;78,6
40;8127;Schwäbisch Hall;184.650;154.530;38.700;107.030;8.250;6.070;15.810;;21,0;58,0;;78,9
40;8128;Main-Tauber-Kreis;129.840;114.120;68.140;43.040;3.460;2.830;9.440;;52,5;33,1;;85,6
40;8135;Heidenheim;127.390;101.620;41.760;53.960;8.190;3.520;14.060;;32,8;42,4;;75,1
40;8136;Ostalbkreis;303.580;255.030;161.960;82.180;13.830;7.020;27.700;;53,4;27,1;;80,4
20;82;Gesamt;2.643.800;2.014.310;968.510;912.420;166.900;129.510;333.080;;;;;
40;8211;Baden-Baden;51.890;39.200;24.000;11.190;2.770;2.700;7.220;;46,3;21,6;;67,8
40;8212;Karlsruhe, Stadt;285.080;202.880;95.390;90.750;16.000;18.720;47.480;;33,5;31,8;;65,3
40;8215;Karlsruhe;422.090;341.000;188.200;133.740;22.510;17.690;40.880;;44,6;31,7;;76,3
40;8216;Rastatt;221.750;176.220;126.370;41.580;9.310;7.940;28.290;;57,0;18,8;;75,7
40;8221;Heidelberg;145.250;101.520;43.760;51.110;8.820;8.810;26.110;;30,1;35,2;;65,3
40;8222;Mannheim;287.810;191.240;92.510;80.410;32.490;21.410;42.680;;32,1;27,9;;60,1
40;8225;Neckar-Odenwald-Kreis;140.850;122.190;74.610;44.130;5.090;2.680;10.900;;53,0;31,3;;84,3
40;8226;Rhein-Neckar-Kreis;521.080;399.160;182.220;192.590;31.110;26.660;64.150;;35,0;37,0;;71,9
40;8231;Pforzheim;113.790;81.950;32.310;41.590;11.310;5.650;14.880;;28,4;36,5;;64,9
40;8235;Calw;149.000;118.080;30.800;79.760;9.550;6.150;15.220;;20,7;53,5;;74,2
40;8236;Enzkreis;190.120;147.830;42.100;94.150;10.790;7.130;24.370;;22,1;49,5;;71,7
40;8237;Freudenstadt;115.090;93.050;36.230;51.420;7.160;3.970;10.900;;31,5;44,7;;76,2
20;83;Gesamt;2.131.030;1.698.380;1.018.800;589.380;92.170;93.520;246.950;;;;;
40;8311;Freiburg im Breisgau;207.220;148.660;81.970;55.220;12.490;15.300;30.770;;39,6;26,6;;66,2
40;8315;Breisgau-Hochschwarzwald;246.270;195.200;119.300;67.380;6.960;10.040;34.070;;48,4;27,4;;75,8
40;8316;Emmendingen;155.620;128.580;72.210;51.140;4.660;6.430;15.950;;46,4;32,9;;79,3
40;8317;Ortenaukreis;407.120;342.570;218.870;111.640;14.630;11.380;38.550;;53,8;27,4;;81,2
40;8325;Rottweil;135.530;114.000;67.790;40.970;6.380;4.100;11.050;;50,0;30,2;;80,2
40;8326;Schwarzwald-Baar-Kreis;202.380;166.360;95.380;59.050;9.940;7.350;18.740;;47,1;29,2;;76,3
40;8327;Tuttlingen;131.420;108.770;66.650;35.580;7.470;4.070;11.100;;50,7;27,1;;77,8
40;8335;Konstanz;265.640;201.810;131.060;58.590;12.220;15.980;35.630;;49,3;22,1;;71,4
40;8336;Lörrach;217.400;161.180;68.980;80.060;11.310;12.990;31.920;;31,7;36,8;;68,6
40;8337;Waldshut;162.430;131.250;96.590;29.740;6.120;5.880;19.180;;59,5;18,3;;77,8
20;84;Gesamt;1.747.530;1.417.240;819.990;518.000;93.490;65.320;171.480;;;;;
40;8415;Reutlingen;271.190;215.090;64.410;134.320;17.940;9.880;28.280;;23,8;49,5;;73,3
40;8416;Tübingen;210.390;161.500;64.990;84.400;11.070;10.320;27.500;;30,9;40,1;;71,0
40;8417;Zollernalbkreis;184.800;152.960;81.580;63.760;8.680;6.410;16.760;;44,1;34,5;;78,6
40;8421;Ulm;115.220;82.790;41.030;34.170;10.630;7.140;14.660;;35,6;29,7;;65,3
40;8425;Alb-Donau-Kreis;185.280;152.490;84.250;60.900;11.080;5.860;15.840;;45,5;32,9;;78,3
40;8426;Biberach;186.140;162.250;123.680;32.770;6.750;4.570;12.560;;66,4;17,6;;84,0
40;8435;Bodenseekreis;201.610;157.270;107.300;39.790;9.980;9.210;25.150;;53,2;19,7;;73,0
40;8436;Ravensburg;266.510;223.190;169.860;45.070;12.560;8.020;22.730;;63,7;16,9;;80,6
40;8437;Sigmaringen;126.390;109.680;82.880;22.810;4.810;3.910;7.990;;65,6;18,0;;83,6
10;9;;12.308.230;9.950.550;6.861.170;2.593.390;528.740;575.790;1.253.150;;;;;
20;91;Gesamt;4.295.500;3.172.590;2.322.300;611.800;223.090;283.680;616.150;;;;;
40;9161;Ingolstadt, Stadt;123.980;91.290;62.300;22.030;11.480;5.870;15.330;;50,3;17,8;;68,0
40;9162;"München, 
Landeshauptstadt";1.338.830;842.370;535.880;198.780;114.140;119.410;262.920;;40,0;14,8;;54,9
40;9163;Rosenheim, Stadt;58.930;42.680;31.540;7.870;4.890;3.300;8.060;;53,5;13,4;;66,9
40;9171;Altötting;105.180;90.840;75.350;12.160;2.690;4.390;7.260;;71,6;11,6;;83,2
40;9172;"Berchtesgadener 
Land";99.730;82.410;64.830;14.010;2.650;3.410;11.250;;65,0;14,0;;79,1
40;9173;"Bad Tölz-
Wolfratshausen";118.330;93.950;69.860;18.810;3.510;5.890;14.980;;59,0;15,9;;74,9
40;9174;Dachau;137.230;104.340;77.080;19.360;6.540;8.730;17.620;;56,2;14,1;;70,3
40;9175;Ebersberg;126.580;95.190;69.900;18.800;3.880;9.140;18.370;;55,2;14,9;;70,1
40;9176;Eichstätt;123.120;108.350;92.650;13.200;2.680;3.010;9.080;;75,3;10,7;;86,0
40;9177;Erding;124.390;98.810;83.430;11.560;3.540;8.960;13.070;;67,1;9,3;;76,4
40;9178;Freising;162.090;118.700;93.140;19.450;9.200;12.280;21.900;;57,5;12,0;;69,5
40;9179;Fürstenfeldbruck;200.520;146.470;99.690;34.060;7.490;16.390;30.170;;49,7;17,0;;66,7
40;9180;"Garmisch-
Partenkirchen";83.680;67.670;51.570;12.870;3.360;3.170;9.480;;61,6;15,4;;77,0
40;9181;Landsberg am Lech;111.840;90.410;68.830;16.870;2.420;6.230;12.780;;61,5;15,1;;76,6
40;9182;Miesbach;92.900;73.830;57.260;12.710;2.390;3.920;12.760;;61,6;13,7;;75,3
40;9183;Mühldorf a.Inn;105.150;90.570;77.410;10.530;3.440;3.810;7.330;;73,6;10,0;;83,6
40;9184;München;314.220;221.930;145.900;53.890;13.590;24.790;53.920;;46,4;17,2;;63,6
40;9185;"Neuburg-
Schrobenhausen";89.460;78.420;63.510;12.390;3.050;3.390;4.610;;71,0;13,8;;84,8
40;9186;"Pfaffenhofen 
a.d.Ilm";115.500;95.290;78.680;12.940;2.980;4.850;12.380;;68,1;11,2;;79,3
40;9187;Rosenheim;242.290;200.390;161.400;30.710;6.670;10.450;24.790;;66,6;12,7;;79,3
40;9188;Starnberg;126.560;90.170;58.980;23.360;4.770;10.680;20.940;;46,6;18,5;;65,1
40;9189;Traunstein;167.330;145.650;121.200;18.620;3.210;5.800;12.670;;72,4;11,1;;83,6
40;9190;"Weilheim-
Schongau";127.690;102.860;81.920;16.820;4.530;5.810;14.490;;64,2;13,2;;77,3
20;92;Gesamt;1.165.490;1.036.830;911.150;101.260;24.970;29.910;73.780;;;;;
40;9261;Landshut, Stadt;62.850;49.180;38.660;8.190;4.020;2.630;7.010;;61,5;13,0;;74,5
40;9262;Passau, Stadt;48.270;40.830;32.970;6.350;1.200;2.050;4.190;;68,3;13,2;;81,5
40;9263;Straubing, Stadt;42.910;36.230;28.870;5.980;1.450;1.880;3.340;;67,3;13,9;;81,2
40;9271;Deggendorf;113.700;101.630;88.160;11.240;2.750;2.180;7.150;;77,5;9,9;;87,4
40;9272;Freyung-Grafenau;77.700;72.900;68.790;3.700;/;820;3.570;;88,5;4,8;;93,3
40;9273;Kelheim;111.880;94.370;80.720;11.240;4.300;3.970;9.240;;72,1;10,0;;82,2
40;9274;Landshut;146.670;127.140;111.000;12.410;3.070;5.180;11.290;;75,7;8,5;;84,1
40;9275;Passau;183.470;169.640;151.900;14.060;2.080;4.050;7.690;;82,8;7,7;;90,5
40;9276;Regen;76.400;72.780;67.780;3.960;280;780;2.570;;88,7;5,2;;93,9
40;9277;Rottal-Inn;116.360;105.150;94.310;9.010;2.080;2.410;6.720;;81,1;7,7;;88,8
40;9278;Straubing-Bogen;95.510;88.390;78.920;7.300;610;1.710;4.800;;82,6;7,6;;90,3
40;9279;Dingolfing-Landau;89.770;78.580;69.070;7.840;2.730;2.250;6.210;;76,9;8,7;;85,7
20;93;Gesamt;1.064.090;952.420;797.390;134.180;22.640;32.040;56.980;;;;;
40;9361;Amberg, Stadt;41.150;36.120;27.150;7.500;1.060;900;3.070;;66,0;18,2;;84,2
40;9362;Regensburg, Stadt;134.290;102.150;79.250;17.670;7.080;10.170;14.890;;59,0;13,2;;72,2
40;9363;Weiden i.d.OPf., Stadt;41.470;35.700;26.420;8.140;1.900;1.860;2.020;;63,7;19,6;;83,3
40;9371;Amberg-Sulzbach;102.880;96.250;70.060;24.480;860;1.830;3.950;;68,1;23,8;;91,9
40;9372;Cham;124.910;117.990;110.890;5.650;880;1.790;4.250;;88,8;4,5;;93,3
40;9373;Neumarkt i.d.OPf.;125.440;112.410;91.470;18.500;2.390;3.240;7.400;;72,9;14,7;;87,7
40;9374;"Neustadt 
a.d. Waldnaab";95.920;90.020;76.060;13.220;1.670;1.530;2.700;;79,3;13,8;;93,1
40;9375;Regensburg;181.940;161.720;139.210;18.680;3.880;6.640;9.710;;76,5;10,3;;86,8
40;9376;Schwandorf;141.440;128.850;114.040;12.570;2.190;3.570;6.830;;80,6;8,9;;89,5
40;9377;Tirschenreuth;74.640;71.220;62.850;7.780;/;/;2.170;;84,2;10,4;;94,6
20;94;Gesamt;1.056.800;930.010;443.670;459.850;25.490;32.980;68.320;;;;;
40;9461;Bamberg, Stadt;70.300;58.380;40.840;15.270;2.900;3.010;6.000;;58,1;21,7;;79,8
40;9462;Bayreuth, Stadt;69.110;57.930;19.160;35.910;2.370;3.020;5.780;;27,7;52,0;;79,7
40;9463;Coburg, Stadt;40.810;33.530;8.690;22.730;1.940;1.860;3.480;;21,3;55,7;;77,0
40;9464;Hof, Stadt;44.220;35.400;9.160;24.250;3.000;2.170;3.650;;20,7;54,8;;75,6
40;9471;Bamberg;143.080;131.790;108.480;20.840;1.170;3.070;7.050;;75,8;14,6;;90,4
40;9472;Bayreuth;105.270;97.350;38.470;56.200;1.260;1.600;5.060;;36,5;53,4;;89,9
40;9473;Coburg;87.690;75.800;15.800;58.050;2.090;4.090;5.720;;18,0;66,2;;84,2
40;9474;Forchheim;112.450;97.800;66.250;29.090;2.630;3.880;8.140;;58,9;25,9;;84,8
40;9475;Hof;98.740;87.810;15.880;69.980;1.760;3.450;5.720;;16,1;70,9;;87,0
40;9476;Kronach;69.760;63.290;38.660;23.460;1.520;1.590;3.360;;55,4;33,6;;89,0
40;9477;Kulmbach;73.110;64.800;19.420;43.940;1.380;1.680;5.250;;26,6;60,1;;86,7
40;9478;Lichtenfels;66.420;60.670;41.510;17.840;1.210;1.650;2.890;;62,5;26,9;;89,4
40;9479;"Wunsiedel 
i.Fichtelgebirge";75.860;65.470;21.340;42.280;2.250;1.900;6.230;;28,1;55,7;;83,9
20;95;Gesamt;1.669.830;1.316.020;495.580;739.250;91.280;82.840;179.680;;;;;
40;9561;Ansbach, Stadt;39.030;31.810;9.490;20.850;2.000;1.340;3.890;;24,3;53,4;;77,7
40;9562;Erlangen, Stadt;103.100;75.200;32.960;35.580;6.890;7.580;13.430;;32,0;34,5;;66,5
40;9563;Fürth, Stadt;114.910;82.900;29.250;45.840;8.690;6.700;16.630;;25,5;39,9;;65,3
40;9564;Nürnberg, Stadt;482.440;337.700;136.660;164.260;47.680;32.080;64.990;;28,3;34,0;;62,4
40;9565;Schwabach, Stadt;38.350;29.010;12.080;15.260;2.410;1.740;5.190;;31,5;39,8;;71,3
40;9571;Ansbach;177.070;159.480;45.030;110.100;3.590;4.450;9.540;;25,4;62,2;;87,6
40;9572;Erlangen-Höchstadt;129.600;108.010;56.000;47.640;2.670;5.640;13.270;;43,2;36,8;;80,0
40;9573;Fürth;112.450;90.560;29.180;56.170;2.340;5.970;13.580;;25,9;50,0;;75,9
40;9574;Nürnberger Land;162.790;129.910;45.670;79.130;7.400;7.500;17.980;;28,1;48,6;;76,7
40;9575;Neustadt a.d.Aisch-Bad Windsheim;96.960;85.820;19.500;63.930;1.800;2.820;6.520;;20,1;65,9;;86,0
40;9576;Roth;122.220;104.700;52.320;49.230;2.780;4.400;10.340;;42,8;40,3;;83,1
40;9577;Weißenburg-Gunzenhausen;90.900;80.930;27.450;51.270;3.030;2.620;4.320;;30,2;56,4;;86,6
20;96;Gesamt;1.290.990;1.108.350;815.450;256.050;41.960;44.140;96.550;;;;;
40;9661;Aschaffenburg, Stadt;66.760;50.340;35.180;11.340;4.920;4.140;7.370;;52,7;17,0;;69,7
40;9662;Schweinfurt, Stadt;51.350;38.590;20.640;15.360;4.910;2.270;5.580;;40,2;29,9;;70,1
40;9663;Würzburg, Stadt;122.540;98.410;65.540;27.140;5.910;6.250;11.960;;53,5;22,1;;75,6
40;9671;Aschaffenburg;172.550;141.220;114.500;21.120;7.330;7.130;16.870;;66,4;12,2;;78,6
40;9672;Bad Kissingen;102.500;93.300;72.710;18.760;1.010;1.840;6.340;;70,9;18,3;;89,2
40;9673;Rhön-Grabfeld;80.010;73.440;53.360;18.420;690;1.980;3.900;;66,7;23,0;;89,7
40;9674;Haßberge;84.170;78.040;54.700;21.820;650;1.880;3.600;;65,0;25,9;;90,9
40;9675;Kitzingen;86.790;78.340;42.560;33.720;1.810;2.580;4.060;;49,0;38,9;;87,9
40;9676;Miltenberg;128.000;106.040;86.740;15.800;7.570;4.350;10.040;;67,8;12,3;;80,1
40;9677;Main-Spessart;126.580;111.090;89.390;19.610;3.320;3.650;8.530;;70,6;15,5;;86,1
40;9678;Schweinfurt;112.170;101.170;77.350;21.340;1.430;2.830;6.740;;69,0;19,0;;88,0
40;9679;Würzburg;157.580;138.360;102.760;31.620;2.420;5.220;11.570;;65,2;20,1;;85,3
20;97;Gesamt;1.765.540;1.434.330;1.075.640;291.000;99.310;70.190;161.700;;;;;
40;9761;Augsburg, Stadt;265.010;191.210;124.170;47.760;27.530;13.770;32.500;;46,9;18,0;;64,9
40;9762;Kaufbeuren, Stadt;40.890;31.600;20.600;8.980;3.080;2.380;3.840;;50,4;22,0;;72,3
40;9763;Kempten (Allgäu), Stadt;63.220;46.660;33.070;11.060;5.090;3.500;7.970;;52,3;17,5;;69,8
40;9764;Memmingen, Stadt;40.900;30.720;17.150;10.800;3.630;1.430;5.120;;41,9;26,4;;68,3
40;9771;Aichach-Friedberg;125.510;106.680;89.170;13.800;3.550;4.620;10.660;;71,0;11,0;;82,0
40;9772;Augsburg;236.480;194.060;151.660;34.910;10.220;9.790;22.410;;64,1;14,8;;78,9
40;9773;Dillingen a.d.Donau;92.350;81.940;68.070;12.250;2.760;2.210;5.440;;73,7;13,3;;87,0
40;9774;Günzburg;118.210;98.330;80.760;14.910;7.990;3.720;8.170;;68,3;12,6;;80,9
40;9775;Neu-Ulm;163.020;126.300;83.720;34.280;12.130;7.540;17.050;;51,4;21,0;;72,4
40;9776;Lindau (Bodensee);77.780;61.060;44.000;13.760;3.440;3.430;9.850;;56,6;17,7;;74,3
40;9777;Ostallgäu;133.150;113.400;94.340;15.630;4.620;4.370;10.760;;70,9;11,7;;82,6
40;9778;Unterallgäu;134.460;117.010;94.940;18.230;4.560;5.030;7.850;;70,6;13,6;;84,2
40;9779;Donau-Ries;126.440;113.620;77.300;34.100;4.270;2.900;5.650;;61,1;27,0;;88,1
40;9780;Oberallgäu;148.110;121.730;96.680;20.530;6.440;5.510;14.430;;65,3;13,9;;79,1
10;10;Gesamt;993.500;851.540;629.760;198.960;39.440;31.550;70.960;;;;;
40;10041;Regionalverband Saarbrücken;325.550;262.120;170.570;81.830;19.200;14.610;29.630;;52,4;25,1;;77,5
40;10042;Merzig-Wadern;102.660;93.250;83.630;7.520;2.110;2.540;4.760;;81,5;7,3;;88,8
40;10043;Neunkirchen;134.410;117.730;81.350;33.300;3.970;3.760;8.950;;60,5;24,8;;85,3
40;10044;Saarlouis;196.170;172.600;151.790;17.850;7.690;3.880;12.000;;77,4;9,1;;86,5
40;10045;Saarpfalz-Kreis;144.900;123.340;79.530;40.410;5.290;5.010;11.260;;54,9;27,9;;82,8
40;10046;St. Wendel;89.800;82.490;62.880;18.060;1.180;1.760;4.370;;70,0;20,1;;90,1
10;11;Gesamt;3.269.260;1.224.870;314.710;705.510;294.610;763.530;986.250;;;;;
40;11000;Berlin, Stadt;3.269.260;1.224.870;314.710;705.510;294.610;763.530;986.250;;9,6;21,6;;31,2
10;12;Gesamt;2.439.110;614.350;86.350;449.110;34.750;796.690;993.320;;;;;
40;12051;Brandenburg an der Havel, Stadt;70.560;13.850;2.520;8.830;1.060;24.110;31.550;;3,6;12,5;;16,1
40;12052;Cottbus, Stadt;98.890;18.690;3.440;12.020;1.990;35.630;42.580;;3,5;12,2;;15,6
40;12053;Frankfurt (Oder), Stadt;58.600;10.010;2.550;5.540;1.060;28.860;18.660;;4,4;9,5;;13,8
40;12054;Potsdam, Stadt;154.740;39.790;7.210;26.260;3.910;58.580;52.460;;4,7;17,0;;21,6
40;12060;Barnim;170.800;32.860;4.970;23.490;2.300;58.200;77.440;;2,9;13,8;;16,7
40;12061;Dahme-Spreewald;159.210;43.060;5.240;32.400;2.750;44.120;69.280;;3,3;20,4;;23,6
40;12062;Elbe-Elster;109.730;37.050;3.930;31.410;1.990;23.720;46.960;;3,6;28,6;;32,2
40;12063;Havelland;151.750;44.580;7.470;29.570;2.130;52.290;52.750;;4,9;19,5;;24,4
40;12064;Märkisch-Oderland;186.330;34.830;4.860;25.270;2.080;69.570;79.860;;2,6;13,6;;16,2
40;12065;Oberhavel;200.010;53.000;8.700;35.730;2.990;63.770;80.250;;4,3;17,9;;22,2
40;12066;Oberspreewald-Lausitz;117.300;27.100;3.580;21.220;850;37.310;52.040;;3,1;18,1;;21,1
40;12067;Oder-Spree;176.800;36.250;4.800;26.560;2.810;65.000;72.730;;2,7;15,0;;17,7
40;12068;Ostprignitz-Ruppin;99.100;30.330;2.290;25.330;1.050;29.560;38.170;;2,3;25,6;;27,9
40;12069;Potsdam-Mittelmark;201.680;63.600;9.420;45.830;2.470;55.050;80.560;;4,7;22,7;;27,4
40;12070;Prignitz;79.870;23.090;1.960;19.200;650;24.840;31.290;;2,5;24,0;;26,5
40;12071;Spree-Neiße;121.730;32.920;3.980;25.890;1.340;36.410;51.070;;3,3;21,3;;24,5
40;12072;Teltow-Fläming;158.250;43.500;5.800;31.250;2.200;53.760;58.790;;3,7;19,7;;23,4
40;12073;Uckermark;123.750;29.840;3.630;23.310;1.130;35.900;56.870;;2,9;18,8;;21,8
10;13;Gesamt;1.585.740;376.090;54.080;281.170;16.670;512.470;680.510;;;;;
40;13001;Greifswald;54.740;12.840;1.980;8.970;900;18.800;22.200;;3,6;16,4;;20,0
40;13002;Neubrandenburg;63.020;9.880;2.290;6.220;700;20.140;32.300;;3,6;9,9;;13,5
40;13003;Rostock;197.400;36.980;7.050;22.330;3.860;79.630;76.920;;3,6;11,3;;14,9
40;13004;Schwerin;89.810;18.300;3.350;11.360;1.800;36.890;32.820;;3,7;12,6;;16,4
40;13005;Stralsund;55.530;10.980;1.580;7.570;610;19.830;24.110;;2,8;13,6;;16,5
40;13006;Wismar;41.640;6.750;1.170;4.410;560;13.710;20.630;;2,8;10,6;;13,4
40;13051;Bad Doberan;113.870;27.590;3.770;21.200;860;39.340;46.070;;3,3;18,6;;21,9
40;13052;Demmin;76.790;22.080;3.260;17.720;/;19.370;34.910;;4,2;23,1;;27,3
40;13053;Güstrow;95.180;25.330;4.140;19.340;760;26.940;42.160;;4,3;20,3;;24,7
40;13054;Ludwigslust;118.970;33.980;4.640;27.000;820;47.040;37.130;;3,9;22,7;;26,6
40;13055;Mecklenburg-Strelitz;74.790;16.230;2.020;12.310;490;23.470;34.600;;2,7;16,5;;19,2
40;13056;Müritz;62.840;15.440;2.280;12.070;/;21.880;25.100;;3,6;19,2;;22,8
40;13057;Nordvorpommern;102.180;21.780;2.600;17.260;580;27.630;52.190;;2,5;16,9;;19,4
40;13058;Nordwestmecklenburg;112.870;30.890;3.510;24.680;740;28.250;52.980;;3,1;21,9;;25,0
40;13059;Ostvorpommern;101.230;30.450;2.660;25.100;1.370;29.370;40.030;;2,6;24,8;;27,4
40;13060;Parchim;91.820;25.700;2.970;20.550;780;26.060;39.280;;3,2;22,4;;25,6
40;13061;Rügen;64.780;14.650;1.650;11.320;500;18.440;31.190;;2,5;17,5;;20,0
40;13062;Uecker-Randow;68.280;16.240;3.160;11.760;480;15.670;35.890;;4,6;17,2;;21,9
10;14;;4.008.600;1.141.490;153.870;858.280;64.830;1.344.960;1.457.320;;;;;
20;145;Gesamt;1.483.190;465.250;35.470;381.160;24.840;453.250;539.860;;;;;
40;14511;Chemnitz, Stadt;236.440;45.710;5.540;30.410;4.120;99.540;87.070;;2,3;12,9;;15,2
40;14521;Erzgebirgskreis;359.500;150.840;6.890;131.280;7.130;77.720;123.810;;1,9;36,5;;38,4
40;14522;Mittelsachsen;318.210;88.950;7.030;75.330;3.680;100.370;125.200;;2,2;23,7;;25,9
40;14523;Vogtlandkreis;236.960;83.480;6.910;68.520;4.190;62.910;86.380;;2,9;28,9;;31,8
40;14524;Zwickau;332.090;96.260;9.100;75.620;5.730;112.710;117.390;;2,7;22,8;;25,5
20;146;Gesamt;1.573.130;461.280;81.840;330.770;20.910;542.160;548.770;;;;;
40;14612;Dresden, Stadt;506.900;130.810;25.310;84.230;9.890;206.800;159.400;;5,0;16,6;;21,6
40;14625;Bautzen;311.480;110.490;26.250;77.220;2.780;87.170;111.030;;8,4;24,8;;33,2
40;14626;Görlitz;265.950;88.880;15.800;65.230;3.490;81.840;91.740;;5,9;24,5;;30,5
40;14627;Meißen;244.860;68.200;7.650;54.900;2.460;73.680;100.530;;3,1;22,4;;25,5
40;14628;Sächsische Schweiz-Osterzgebirge;243.930;62.910;6.830;49.180;2.290;92.660;86.070;;2,8;20,2;;23,0
20;147;Gesamt;952.280;214.960;36.560;146.360;19.080;349.560;368.690;;;;;
40;14713;Leipzig, Stadt;494.070;109.050;23.340;65.300;14.570;194.720;175.720;;4,7;13,2;;17,9
40;14729;Leipzig;259.110;62.110;7.370;47.870;2.420;84.170;110.410;;2,8;18,5;;21,3
40;14730;Nordsachsen;199.100;43.790;5.850;33.180;2.080;70.660;82.560;;2,9;16,7;;19,6
10;15;Gesamt;2.267.600;480.930;82.100;345.480;25.170;742.010;1.019.490;;;;;
40;15001;Dessau-Roßlau, Stadt;85.590;15.030;2.320;10.140;1.440;31.910;37.200;;2,7;11,8;;14,6
40;15002;Halle (Saale), Stadt;227.670;41.450;8.440;25.000;5.890;89.070;91.260;;3,7;11,0;;14,7
40;15003;Magdeburg, Landeshauptstadt;226.780;39.950;10.120;23.860;3.560;85.130;98.140;;4,5;10,5;;15,0
40;15081;Altmarkkreis Salzwedel;87.180;29.470;2.300;25.800;1.020;17.650;39.040;;2,6;29,6;;32,2
40;15082;Anhalt-Bitterfeld;170.670;34.300;7.770;22.560;1.730;51.340;83.300;;4,6;13,2;;17,8
40;15083;Börde;174.870;44.110;7.640;32.530;1.010;49.750;80.000;;4,4;18,6;;23,0
40;15084;Burgenlandkreis;188.120;40.670;5.750;30.820;1.310;66.910;79.230;;3,1;16,4;;19,4
40;15085;Harz;223.870;51.340;8.680;37.630;1.730;74.520;96.280;;3,9;16,8;;20,7
40;15086;Jerichower Land;92.820;20.460;2.560;15.670;900;31.910;39.540;;2,8;16,9;;19,6
40;15087;Mansfeld-Südharz;146.820;28.560;5.800;19.990;1.310;55.830;61.120;;4,0;13,6;;17,6
40;15088;Saalekreis;190.220;34.670;5.710;24.970;1.700;60.640;93.210;;3,0;13,1;;16,1
40;15089;Salzlandkreis;203.400;35.700;6.850;24.860;1.320;70.850;95.530;;3,4;12,2;;15,6
40;15090;Stendal;117.530;32.010;3.220;26.330;1.200;28.550;55.770;;2,7;22,4;;25,1
40;15091;Wittenberg;132.050;33.190;4.940;25.330;1.040;27.950;69.860;;3,7;19,2;;22,9
10;16;Gesamt;2.173.030;762.280;173.640;528.830;23.790;665.410;721.560;;;;;
40;16051;Erfurt, Stadt;199.750;50.770;13.880;29.400;4.790;69.960;74.240;;6,9;14,7;;21,7
40;16052;Gera, Stadt;94.880;15.320;2.500;9.370;1.370;45.400;32.780;;2,6;9,9;;12,5
40;16053;Jena, Stadt;105.370;28.470;7.110;17.080;1.460;37.810;37.640;;6,7;16,2;;23,0
40;16054;Suhl, Stadt;36.810;6.680;930;4.850;450;14.540;15.140;;2,5;13,2;;15,7
40;16055;Weimar, Stadt;62.430;19.600;4.180;13.050;1.790;20.170;20.860;;6,7;20,9;;27,6
40;16056;Eisenach, Stadt;41.250;12.230;1.770;9.400;690;12.150;16.180;;4,3;22,8;;27,1
40;16061;Eichsfeld;101.530;83.080;71.100;10.910;640;7.220;10.600;;70,0;10,7;;80,8
40;16062;Nordhausen;86.580;27.710;3.830;21.040;780;29.980;28.110;;4,4;24,3;;28,7
40;16063;Wartburgkreis;127.990;61.480;11.870;47.420;540;30.140;35.830;;9,3;37,0;;46,3
40;16064;Unstrut-Hainich-Kreis;105.200;49.230;17.200;29.430;590;29.140;26.240;;16,3;28,0;;44,3
40;16065;Kyffhäuserkreis;79.540;23.640;2.800;19.340;440;30.900;24.570;;3,5;24,3;;27,8
40;16066;Schmalkalden-Meiningen;126.520;58.130;4.210;51.060;1.450;26.540;40.390;;3,3;40,4;;43,7
40;16067;Gotha;135.010;46.350;5.310;36.040;1.270;40.590;46.800;;3,9;26,7;;30,6
40;16068;Sömmerda;71.420;22.620;2.870;18.470;/;25.620;22.870;;4,0;25,9;;29,9
40;16069;Hildburghausen;65.690;28.720;1.310;25.830;430;14.570;21.980;;2,0;39,3;;41,3
40;16070;Ilm-Kreis;109.850;33.420;4.390;26.060;1.370;33.470;41.590;;4,0;23,7;;27,7
40;16071;Weimarer Land;82.090;25.000;2.290;19.780;640;31.710;24.740;;2,8;24,1;;26,9
40;16072;Sonneberg;58.610;21.530;1.490;18.300;/;18.130;18.660;;2,5;31,2;;33,8
40;16073;Saalfeld-Rudolstadt;112.390;37.230;3.640;31.260;790;34.070;40.310;;3,2;27,8;;31,1
40;16074;Saale-Holzland-Kreis;84.320;24.310;2.320;19.390;960;26.230;32.820;;2,8;23,0;;25,7
40;16075;Saale-Orla-Kreis;84.930;34.400;2.560;29.910;900;19.670;29.960;;3,0;35,2;;38,2
40;16076;Greiz;104.510;32.580;3.680;26.570;1.240;30.860;39.830;;3,5;25,4;;28,9
40;16077;Altenburger Land;96.340;19.780;2.400;14.840;590;36.550;39.420;;2,5;15,4;;17,9
